{
    "block" : {
        "minecraft:white_wool" : {"block_id":"minecraft:wool","block_data":{"color": "white"}},
        "minecraft:orange_wool" : {"block_id":"minecraft:wool","block_data":{"color": "orange"}},
        "minecraft:magenta_wool" : {"block_id":"minecraft:wool","block_data":{"color": "magenta"}},
        "minecraft:light_blue_wool" : {"block_id":"minecraft:wool","block_data":{"color": "light_blue"}},
        "minecraft:yellow_wool" : {"block_id":"minecraft:wool","block_data":{"color": "yellow"}},
        "minecraft:lime_wool" : {"block_id":"minecraft:wool","block_data":{"color": "lime"}},
        "minecraft:pink_wool" : {"block_id":"minecraft:wool","block_data":{"color": "pink"}},
        "minecraft:gray_wool" : {"block_id":"minecraft:wool","block_data":{"color": "gray"}},
        "minecraft:light_gray_wool" : {"block_id":"minecraft:wool","block_data":{"color": "silver"}},
        "minecraft:cyan_wool" : {"block_id":"minecraft:wool","block_data":{"color": "cyan"}},
        "minecraft:purple_wool" : {"block_id":"minecraft:wool","block_data":{"color": "purple"}},
        "minecraft:blue_wool" : {"block_id":"minecraft:wool","block_data":{"color": "blue"}},
        "minecraft:brown_wool" : {"block_id":"minecraft:wool","block_data":{"color": "brown"}},
        "minecraft:green_wool" : {"block_id":"minecraft:wool","block_data":{"color": "green"}},
        "minecraft:red_wool" : {"block_id":"minecraft:wool","block_data":{"color": "red"}},
        "minecraft:black_wool" : {"block_id":"minecraft:wool","block_data":{"color": "black"}},

        "minecraft:oak_log" : {"block_id":"minecraft:log","block_data":{"old_log_type": "oak"}},
        "minecraft:spruce_log" : {"block_id":"minecraft:log","block_data":{"old_log_type": "spruce"}},
        "minecraft:birch_log" : {"block_id":"minecraft:log","block_data":{"old_log_type": "birch"}},
        "minecraft:jungle_log" : {"block_id":"minecraft:log","block_data":{"old_log_type": "jungle"}},
        "minecraft:acacia_log" : {"block_id":"minecraft:log2","block_data":{"new_log_type": "acacia"}},
        "minecraft:dark_oak_log" : {"block_id":"minecraft:log2","block_data":{"new_log_type": "dark_oak"}},

        "minecraft:oak_fence" : {"block_id":"minecraft:fence","block_data":{"old_log_type": "oak"}},
        "minecraft:spruce_fence" : {"block_id":"minecraft:fence","block_data":{"old_log_type": "spruce"}},
        "minecraft:birch_fence" : {"block_id":"minecraft:fence","block_data":{"old_log_type": "birch"}},
        "minecraft:jungle_fence" : {"block_id":"minecraft:fence","block_data":{"old_log_type": "jungle"}},
        "minecraft:acacia_fence" : {"block_id":"minecraft:fence","block_data":{"new_log_type": "acacia"}},
        "minecraft:dark_oak_fence" : {"block_id":"minecraft:fence","block_data":{"new_log_type": "dark_oak"}},

        "minecraft:white_carpet" : {"block_id":"minecraft:carpet","block_data":{"color": "white"}},
        "minecraft:orange_carpet" : {"block_id":"minecraft:carpet","block_data":{"color": "orange"}},
        "minecraft:magenta_carpet" : {"block_id":"minecraft:carpet","block_data":{"color": "magenta"}},
        "minecraft:light_blue_carpet" : {"block_id":"minecraft:carpet","block_data":{"color": "light_blue"}},
        "minecraft:yellow_carpet" : {"block_id":"minecraft:carpet","block_data":{"color": "yellow"}},
        "minecraft:lime_carpet" : {"block_id":"minecraft:carpet","block_data":{"color": "lime"}},
        "minecraft:pink_carpet" : {"block_id":"minecraft:carpet","block_data":{"color": "pink"}},
        "minecraft:gray_carpet" : {"block_id":"minecraft:carpet","block_data":{"color": "gray"}},
        "minecraft:light_gray_carpet" : {"block_id":"minecraft:carpet","block_data":{"color": "silver"}},
        "minecraft:cyan_carpet" : {"block_id":"minecraft:carpet","block_data":{"color": "cyan"}},
        "minecraft:purple_carpet" : {"block_id":"minecraft:carpet","block_data":{"color": "purple"}},
        "minecraft:blue_carpet" : {"block_id":"minecraft:carpet","block_data":{"color": "blue"}},
        "minecraft:brown_carpet" : {"block_id":"minecraft:carpet","block_data":{"color": "brown"}},
        "minecraft:green_carpet" : {"block_id":"minecraft:carpet","block_data":{"color": "green"}},
        "minecraft:red_carpet" : {"block_id":"minecraft:carpet","block_data":{"color": "red"}},
        "minecraft:black_carpet" : {"block_id":"minecraft:carpet","block_data":{"color": "black"}},
        
        "minecraft:tube_coral" : {"block_id":"minecraft:coral","block_data":{"coral_color": "blue","dead_bit": false}},
        "minecraft:brain_coral" : {"block_id":"minecraft:coral","block_data":{"coral_color": "pink","dead_bit": false}},
        "minecraft:bubble_coral" : {"block_id":"minecraft:coral","block_data":{"coral_color": "purple","dead_bit": false}},
        "minecraft:fire_coral" : {"block_id":"minecraft:coral","block_data":{"coral_color": "red","dead_bit": false}},
        "minecraft:horn_coral" : {"block_id":"minecraft:coral","block_data":{"coral_color": "yellow","dead_bit": false}},
        "minecraft:dead_tube_coral" : {"block_id":"minecraft:coral","block_data":{"coral_color": "blue","dead_bit": true}},
        "minecraft:dead_brain_coral" : {"block_id":"minecraft:coral","block_data":{"coral_color": "pink","dead_bit": true}},
        "minecraft:dead_bubble_coral" : {"block_id":"minecraft:coral","block_data":{"coral_color": "purple","dead_bit": true}},
        "minecraft:dead_fire_coral" : {"block_id":"minecraft:coral","block_data":{"coral_color": "red","dead_bit": true}},
        "minecraft:dead_horn_coral" : {"block_id":"minecraft:coral","block_data":{"coral_color": "yellow","dead_bit": true}},

        "minecraft:white_concrete" : {"block_id":"minecraft:concrete","block_data":{"color": "white"}},
        "minecraft:orange_concrete" : {"block_id":"minecraft:concrete","block_data":{"color": "orange"}},
        "minecraft:magenta_concrete" : {"block_id":"minecraft:concrete","block_data":{"color": "magenta"}},
        "minecraft:light_blue_concrete" : {"block_id":"minecraft:concrete","block_data":{"color": "light_blue"}},
        "minecraft:yellow_concrete" : {"block_id":"minecraft:concrete","block_data":{"color": "yellow"}},
        "minecraft:lime_concrete" : {"block_id":"minecraft:concrete","block_data":{"color": "lime"}},
        "minecraft:pink_concrete" : {"block_id":"minecraft:concrete","block_data":{"color": "pink"}},
        "minecraft:gray_concrete" : {"block_id":"minecraft:concrete","block_data":{"color": "gray"}},
        "minecraft:light_gray_concrete" : {"block_id":"minecraft:concrete","block_data":{"color": "silver"}},
        "minecraft:cyan_concrete" : {"block_id":"minecraft:concrete","block_data":{"color": "cyan"}},
        "minecraft:purple_concrete" : {"block_id":"minecraft:concrete","block_data":{"color": "purple"}},
        "minecraft:blue_concrete" : {"block_id":"minecraft:concrete","block_data":{"color": "blue"}},
        "minecraft:brown_concrete" : {"block_id":"minecraft:concrete","block_data":{"color": "brown"}},
        "minecraft:green_concrete" : {"block_id":"minecraft:concrete","block_data":{"color": "green"}},
        "minecraft:red_concrete" : {"block_id":"minecraft:concrete","block_data":{"color": "red"}},
        "minecraft:black_concrete" : {"block_id":"minecraft:concrete","block_data":{"color": "black"}},

        "minecraft:white_shulker_box" : {"block_id":"minecraft:shulker_box","block_data":{"color": "white"}},
        "minecraft:orange_shulker_box" : {"block_id":"minecraft:shulker_box","block_data":{"color": "orange"}},
        "minecraft:magenta_shulker_box" : {"block_id":"minecraft:shulker_box","block_data":{"color": "magenta"}},
        "minecraft:light_blue_shulker_box" : {"block_id":"minecraft:shulker_box","block_data":{"color": "light_blue"}},
        "minecraft:yellow_shulker_box" : {"block_id":"minecraft:shulker_box","block_data":{"color": "yellow"}},
        "minecraft:lime_shulker_box" : {"block_id":"minecraft:shulker_box","block_data":{"color": "lime"}},
        "minecraft:pink_shulker_box" : {"block_id":"minecraft:shulker_box","block_data":{"color": "pink"}},
        "minecraft:gray_cshulker_box" : {"block_id":"minecraft:shulker_box","block_data":{"color": "gray"}},
        "minecraft:light_gray_shulker_box" : {"block_id":"minecraft:shulker_box","block_data":{"color": "silver"}},
        "minecraft:cyan_shulker_box" : {"block_id":"minecraft:shulker_box","block_data":{"color": "cyan"}},
        "minecraft:purple_shulker_box" : {"block_id":"minecraft:shulker_box","block_data":{"color": "purple"}},
        "minecraft:blue_shulker_box" : {"block_id":"minecraft:shulker_box","block_data":{"color": "blue"}},
        "minecraft:brown_shulker_box" : {"block_id":"minecraft:shulker_box","block_data":{"color": "brown"}},
        "minecraft:green_shulker_box" : {"block_id":"minecraft:shulker_box","block_data":{"color": "green"}},
        "minecraft:red_shulker_box" : {"block_id":"minecraft:shulker_box","block_data":{"color": "red"}},
        "minecraft:black_shulker_box" : {"block_id":"minecraft:shulker_box","block_data":{"color": "black"}},
        
        "minecraft:white_stained_glass" : {"block_id":"minecraft:stained_glass","block_data":{"color": "white"}},
        "minecraft:orange_stained_glass" : {"block_id":"minecraft:stained_glass","block_data":{"color": "orange"}},
        "minecraft:magenta_stained_glass" : {"block_id":"minecraft:stained_glass","block_data":{"color": "magenta"}},
        "minecraft:light_blue_stained_glass" : {"block_id":"minecraft:stained_glass","block_data":{"color": "light_blue"}},
        "minecraft:yellow_stained_glass" : {"block_id":"minecraft:stained_glass","block_data":{"color": "yellow"}},
        "minecraft:lime_stained_glass" : {"block_id":"minecraft:stained_glass","block_data":{"color": "lime"}},
        "minecraft:pink_stained_glass" : {"block_id":"minecraft:stained_glass","block_data":{"color": "pink"}},
        "minecraft:gray_stained_glass" : {"block_id":"minecraft:stained_glass","block_data":{"color": "gray"}},
        "minecraft:light_gray_stained_glass" : {"block_id":"minecraft:stained_glass","block_data":{"color": "silver"}},
        "minecraft:cyan_stained_glass" : {"block_id":"minecraft:stained_glass","block_data":{"color": "cyan"}},
        "minecraft:purple_stained_glass" : {"block_id":"minecraft:stained_glass","block_data":{"color": "purple"}},
        "minecraft:blue_stained_glass" : {"block_id":"minecraft:stained_glass","block_data":{"color": "blue"}},
        "minecraft:brown_stained_glass" : {"block_id":"minecraft:stained_glass","block_data":{"color": "brown"}},
        "minecraft:green_stained_glass" : {"block_id":"minecraft:stained_glass","block_data":{"color": "green"}},
        "minecraft:red_stained_glass" : {"block_id":"minecraft:stained_glass","block_data":{"color": "red"}},
        "minecraft:black_stained_glass" : {"block_id":"minecraft:stained_glass","block_data":{"color": "black"}},
        
        "minecraft:white_stained_glass_pane" : {"block_id":"minecraft:stained_glass_pane","block_data":{"color": "white"}},
        "minecraft:orange_stained_glass_pane" : {"block_id":"minecraft:stained_glass_pane","block_data":{"color": "orange"}},
        "minecraft:magenta_stained_glass_pane" : {"block_id":"minecraft:stained_glass_pane","block_data":{"color": "magenta"}},
        "minecraft:light_blue_stained_glass_pane" : {"block_id":"minecraft:stained_glass_pane","block_data":{"color": "light_blue"}},
        "minecraft:yellow_stained_glass_pane" : {"block_id":"minecraft:stained_glass_pane","block_data":{"color": "yellow"}},
        "minecraft:lime_stained_glass_pane" : {"block_id":"minecraft:stained_glass_pane","block_data":{"color": "lime"}},
        "minecraft:pink_stained_glass_pane" : {"block_id":"minecraft:stained_glass_pane","block_data":{"color": "pink"}},
        "minecraft:gray_stained_glass_pane" : {"block_id":"minecraft:stained_glass_pane","block_data":{"color": "gray"}},
        "minecraft:light_gray_stained_glass_pane" : {"block_id":"minecraft:stained_glass_pane","block_data":{"color": "silver"}},
        "minecraft:cyan_stained_glass_pane" : {"block_id":"minecraft:stained_glass_pane","block_data":{"color": "cyan"}},
        "minecraft:purple_stained_glass_pane" : {"block_id":"minecraft:stained_glass_pane","block_data":{"color": "purple"}},
        "minecraft:blue_stained_glass_pane" : {"block_id":"minecraft:stained_glass_pane","block_data":{"color": "blue"}},
        "minecraft:brown_stained_glass_pane" : {"block_id":"minecraft:stained_glass_pane","block_data":{"color": "brown"}},
        "minecraft:green_stained_glass_pane" : {"block_id":"minecraft:stained_glass_pane","block_data":{"color": "green"}},
        "minecraft:red_stained_glass_pane" : {"block_id":"minecraft:stained_glass_pane","block_data":{"color": "red"}},
        "minecraft:black_stained_glass_pane" : {"block_id":"minecraft:stained_glass_pane","block_data":{"color": "black"}},
        
        "minecraft:white_concrete_powder" : {"block_id":"minecraft:concrete_powder","block_data":{"color": "white"}},
        "minecraft:orange_concrete_powder" : {"block_id":"minecraft:concrete_powder","block_data":{"color": "orange"}},
        "minecraft:magenta_concrete_powder" : {"block_id":"minecraft:concrete_powder","block_data":{"color": "magenta"}},
        "minecraft:light_blue_concrete_powder" : {"block_id":"minecraft:concrete_powder","block_data":{"color": "light_blue"}},
        "minecraft:yellow_concrete_powder" : {"block_id":"minecraft:concrete_powder","block_data":{"color": "yellow"}},
        "minecraft:lime_concrete_powder" : {"block_id":"minecraft:concrete_powder","block_data":{"color": "lime"}},
        "minecraft:pink_concrete_powder" : {"block_id":"minecraft:concrete_powder","block_data":{"color": "pink"}},
        "minecraft:gray_concrete_powder" : {"block_id":"minecraft:concrete_powder","block_data":{"color": "gray"}},
        "minecraft:light_gray_concrete_powder" : {"block_id":"minecraft:concrete_powder","block_data":{"color": "silver"}},
        "minecraft:cyan_concrete_powder" : {"block_id":"minecraft:concrete_powder","block_data":{"color": "cyan"}},
        "minecraft:purple_concrete_powder" : {"block_id":"minecraft:concrete_powder","block_data":{"color": "purple"}},
        "minecraft:blue_concrete_powder" : {"block_id":"minecraft:concrete_powder","block_data":{"color": "blue"}},
        "minecraft:brown_concrete_powder" : {"block_id":"minecraft:concrete_powder","block_data":{"color": "brown"}},
        "minecraft:green_concrete_powder" : {"block_id":"minecraft:concrete_powder","block_data":{"color": "green"}},
        "minecraft:red_concrete_powder" : {"block_id":"minecraft:concrete_powder","block_data":{"color": "red"}},
        "minecraft:black_concrete_powder" : {"block_id":"minecraft:concrete_powder","block_data":{"color": "black"}},
        
        "minecraft:white_terracotta" : {"block_id":"minecraft:stained_hardened_clay","block_data":{"color": "white"}},
        "minecraft:orange_terracotta" : {"block_id":"minecraft:stained_hardened_clay","block_data":{"color": "orange"}},
        "minecraft:magenta_terracotta" : {"block_id":"minecraft:stained_hardened_clay","block_data":{"color": "magenta"}},
        "minecraft:light_blue_terracotta" : {"block_id":"minecraft:stained_hardened_clay","block_data":{"color": "light_blue"}},
        "minecraft:yellow_terracotta" : {"block_id":"minecraft:stained_hardened_clay","block_data":{"color": "yellow"}},
        "minecraft:lime_terracotta" : {"block_id":"minecraft:stained_hardened_clay","block_data":{"color": "lime"}},
        "minecraft:pink_terracotta" : {"block_id":"minecraft:stained_hardened_clay","block_data":{"color": "pink"}},
        "minecraft:gray_terracotta" : {"block_id":"minecraft:stained_hardened_clay","block_data":{"color": "gray"}},
        "minecraft:light_gray_terracotta" : {"block_id":"minecraft:stained_hardened_clay","block_data":{"color": "silver"}},
        "minecraft:cyan_terracotta" : {"block_id":"minecraft:stained_hardened_clay","block_data":{"color": "cyan"}},
        "minecraft:purple_terracotta" : {"block_id":"minecraft:stained_hardened_clay","block_data":{"color": "purple"}},
        "minecraft:blue_terracotta" : {"block_id":"minecraft:stained_hardened_clay","block_data":{"color": "blue"}},
        "minecraft:brown_terracotta" : {"block_id":"minecraft:stained_hardened_clay","block_data":{"color": "brown"}},
        "minecraft:green_terracotta" : {"block_id":"minecraft:stained_hardened_clay","block_data":{"color": "green"}},
        "minecraft:red_terracotta" : {"block_id":"minecraft:stained_hardened_clay","block_data":{"color": "red"}},
        "minecraft:black_terracotta" : {"block_id":"minecraft:stained_hardened_clay","block_data":{"color": "black"}},
        
        "minecraft:stone" : {"block_id":"minecraft:stone","block_data":{"stone_type": "stone"}},
        "minecraft:andesite" : {"block_id":"minecraft:stone","block_data":{"stone_type": "andesite"}},
        "minecraft:diorite" : {"block_id":"minecraft:stone","block_data":{"stone_type": "diorite"}},
        "minecraft:granite" : {"block_id":"minecraft:stone","block_data":{"stone_type": "granite"}},
        "minecraft:polished_andesite" : {"block_id":"minecraft:stone","block_data":{"stone_type": "andesite_smooth"}},
        "minecraft:polished_diorite" : {"block_id":"minecraft:stone","block_data":{"stone_type": "diorite_smooth"}},
        "minecraft:polished_granite" : {"block_id":"minecraft:stone","block_data":{"stone_type": "granite_smooth"}},

        "minecraft:oak_planks" : {"block_id":"minecraft:planks","block_data":{"stone_type": "oak"}},
        "minecraft:spruce_planks" : {"block_id":"minecraft:planks","block_data":{"stone_type": "spruce"}},
        "minecraft:birch_planks" : {"block_id":"minecraft:planks","block_data":{"stone_type": "birch"}},
        "minecraft:jungle_planks" : {"block_id":"minecraft:planks","block_data":{"stone_type": "jungle"}},
        "minecraft:acacia_planks" : {"block_id":"minecraft:planks","block_data":{"stone_type": "acacia"}},
        "minecraft:dark_oak_planks" : {"block_id":"minecraft:planks","block_data":{"stone_type": "dark_oak"}},

        "minecraft:grass_block" : {"block_id":"minecraft:grass","block_data":{}},
        
        "minecraft:oak_leaves" : {"block_id":"minecraft:leaves","block_data":{"old_leaf_type": "oka","update_bit": false,"persistent_bit": false}},
        "minecraft:spruce_leaves" : {"block_id":"minecraft:leaves","block_data":{"old_leaf_type": "spruce","update_bit": false,"persistent_bit": false}},
        "minecraft:birch_leaves" : {"block_id":"minecraft:leaves","block_data":{"old_leaf_type": "birch","update_bit": false,"persistent_bit": false}},
        "minecraft:jungle_leaves" : {"block_id":"minecraft:leaves","block_data":{"old_leaf_type": "jungle","update_bit": false,"persistent_bit": false}},
        "minecraft:acacia_leaves" : {"block_id":"minecraft:leaves2","block_data":{"old_leaf_type": "acacia","update_bit": false,"persistent_bit": false}},
        "minecraft:dark_oak_leaves" : {"block_id":"minecraft:leaves2","block_data":{"old_leaf_type": "dark_oak","update_bit": false,"persistent_bit": false}},
        
        "minecraft:double_oak_slab" : {"block_id":"minecraft:double_wooden_slab","block_data":{"wood_type": "oka","top_slot_bit": false}},
        "minecraft:double_spruce_slab" : {"block_id":"minecraft:double_wooden_slab","block_data":{"wood_type": "spruce","top_slot_bit": false}},
        "minecraft:double_birch_slab" : {"block_id":"minecraft:double_wooden_slab","block_data":{"wood_type": "birch","top_slot_bit": false}},
        "minecraft:double_jungle_slab" : {"block_id":"minecraft:double_wooden_slab","block_data":{"wood_type": "jungle","top_slot_bit": false}},
        "minecraft:double_acacia_slab" : {"block_id":"minecraft:double_wooden_slab","block_data":{"wood_type": "acacia","top_slot_bit": false}},
        "minecraft:double_dark_oak_slab" : {"block_id":"minecraft:double_wooden_slab","block_data":{"wood_type": "dark_oak","top_slot_bit": false}},
        
        "minecraft:oak_slab" : {"block_id":"minecraft:wooden_slab","block_data":{"wood_type": "oka","top_slot_bit": false}},
        "minecraft:spruce_slab" : {"block_id":"minecraft:wooden_slab","block_data":{"wood_type": "spruce","top_slot_bit": false}},
        "minecraft:birch_slab" : {"block_id":"minecraft:wooden_slab","block_data":{"wood_type": "birch","top_slot_bit": false}},
        "minecraft:jungle_slab" : {"block_id":"minecraft:wooden_slab","block_data":{"wood_type": "jungle","top_slot_bit": false}},
        "minecraft:acacia_slab" : {"block_id":"minecraft:wooden_slab","block_data":{"wood_type": "acacia","top_slot_bit": false}},
        "minecraft:dark_oak_slab" : {"block_id":"minecraft:wooden_slab","block_data":{"wood_type": "dark_oak","top_slot_bit": false}},
        
        "minecraft:oak_wood" : {"block_id":"minecraft:wood","block_data":{"wood_type": "oka","stripped_bit": false,"pillar_axis": "y"}},
        "minecraft:spruce_wood" : {"block_id":"minecraft:wood","block_data":{"wood_type": "spruce","stripped_bit": false,"pillar_axis": "y"}},
        "minecraft:birch_wood" : {"block_id":"minecraft:wood","block_data":{"wood_type": "birch","stripped_bit": false,"pillar_axis": "y"}},
        "minecraft:jungle_wood" : {"block_id":"minecraft:wood","block_data":{"wood_type": "jungle","stripped_bit": false,"pillar_axis": "y"}},
        "minecraft:acacia_wood" : {"block_id":"minecraft:wood","block_data":{"wood_type": "acacia","stripped_bit": false,"pillar_axis": "y"}},
        "minecraft:dark_oak_wood" : {"block_id":"minecraft:wood","block_data":{"wood_type": "dark_oak","stripped_bit": false,"pillar_axis": "y"}},
        "minecraft:stripped_oak_wood" : {"block_id":"minecraft:wood","block_data":{"wood_type": "oka","stripped_bit": true,"pillar_axis": "y"}},
        "minecraft:stripped_spruce_wood" : {"block_id":"minecraft:wood","block_data":{"wood_type": "spruce","stripped_bit": true,"pillar_axis": "y"}},
        "minecraft:stripped_birch_wood" : {"block_id":"minecraft:wood","block_data":{"wood_type": "birch","stripped_bit": true,"pillar_axis": "y"}},
        "minecraft:stripped_jungle_wood" : {"block_id":"minecraft:wood","block_data":{"wood_type": "jungle","stripped_bit": true,"pillar_axis": "y"}},
        "minecraft:stripped_acacia_wood" : {"block_id":"minecraft:wood","block_data":{"wood_type": "acacia","stripped_bit": true,"pillar_axis": "y"}},
        "minecraft:stripped_dark_oak_wood" : {"block_id":"minecraft:wood","block_data":{"wood_type": "dark_oak","stripped_bit": true,"pillar_axis": "y"}},

        "minecraft:tube_coral_fan" : {"block_id":"minecraft:coral_fan","block_data":{"coral_color": "blue","coral_fan_direction": 0}},
        "minecraft:brain_coral_fan" : {"block_id":"minecraft:coral_fan","block_data":{"coral_color": "pink","coral_fan_direction": 0}},
        "minecraft:bubble_coral_fan" : {"block_id":"minecraft:coral_fan","block_data":{"coral_color": "purple","coral_fan_direction": 0}},
        "minecraft:fire_coral_fan" : {"block_id":"minecraft:coral_fan","block_data":{"coral_color": "red","coral_fan_direction": 0}},
        "minecraft:horn_coral_fan" : {"block_id":"minecraft:coral_fan","block_data":{"coral_color": "yellow","coral_fan_direction": 0}},

        "minecraft:oak_sapling" : {"block_id":"minecraft:sapling","block_data":{"sapling_type": "oak","age_bit": false}},
        "minecraft:spruce_sapling" : {"block_id":"minecraft:sapling","block_data":{"sapling_type": "spruce","age_bit": false}},
        "minecraft:birch_sapling" : {"block_id":"minecraft:sapling","block_data":{"sapling_type": "birch","age_bit": false}},
        "minecraft:jungle_sapling" : {"block_id":"minecraft:sapling","block_data":{"sapling_type": "jungle","age_bit": false}},
        "minecraft:acacia_sapling" : {"block_id":"minecraft:sapling","block_data":{"sapling_type": "acacia","age_bit": false}},
        "minecraft:dark_oak_sapling" : {"block_id":"minecraft:sapling","block_data":{"sapling_type": "dark_oak","age_bit": false}},
        
        "minecraft:dead_tube_coral_fan" : {"block_id":"minecraft:coral_fan_dead","block_data":{"coral_color": "blue","coral_fan_direction": 0}},
        "minecraft:dead_brain_coral_fan" : {"block_id":"minecraft:coral_fan_dead","block_data":{"coral_color": "pink","coral_fan_direction": 0}},
        "minecraft:dead_bubble_coral_fan" : {"block_id":"minecraft:coral_fan_dead","block_data":{"coral_color": "purple","coral_fan_direction": 0}},
        "minecraft:dead_fire_coral_fan" : {"block_id":"minecraft:coral_fan_dead","block_data":{"coral_color": "red","coral_fan_direction": 0}},
        "minecraft:dead_horn_coral_fan" : {"block_id":"minecraft:coral_fan_dead","block_data":{"coral_color": "yellow","coral_fan_direction": 0}},

        "minecraft:poppy" : {"block_id":"minecraft:red_flower","block_data":{"flower_type": "poppy"}},
        "minecraft:orchid" : {"block_id":"minecraft:red_flower","block_data":{"flower_type": "orchid"}},
        "minecraft:allium" : {"block_id":"minecraft:red_flower","block_data":{"flower_type": "allium"}},
        "minecraft:houstonia" : {"block_id":"minecraft:red_flower","block_data":{"flower_type": "houstonia"}},
        "minecraft:tulip_red" : {"block_id":"minecraft:red_flower","block_data":{"flower_type": "tulip_red"}},
        "minecraft:tulip_orange" : {"block_id":"minecraft:red_flower","block_data":{"flower_type": "tulip_orange"}},
        "minecraft:tulip_white" : {"block_id":"minecraft:red_flower","block_data":{"flower_type": "tulip_white"}},
        "minecraft:tulip_pink" : {"block_id":"minecraft:red_flower","block_data":{"flower_type": "tulip_pink"}},
        "minecraft:oxeye" : {"block_id":"minecraft:red_flower","block_data":{"flower_type": "oxeye"}},
        "minecraft:cornflower" : {"block_id":"minecraft:red_flower","block_data":{"flower_type": "cornflower"}},
        "minecraft:lily_of_the_valley" : {"block_id":"minecraft:red_flower","block_data":{"flower_type": "lily_of_the_valley"}},

        "minecraft:short_grass" : {"block_id":"minecraft:tallgrass","block_data":{"tall_grass_type": "tall"}},
        "minecraft:fern" : {"block_id":"minecraft:tallgrass","block_data":{"tall_grass_type": "fern"}},
        
        "minecraft:tube_coral_block" : {"block_id":"minecraft:coral_block","block_data":{"coral_color": "blue","dead_bit": false}},
        "minecraft:brain_coral_block" : {"block_id":"minecraft:coral_block","block_data":{"coral_color": "pink","dead_bit": false}},
        "minecraft:bubble_coral_block" : {"block_id":"minecraft:coral_block","block_data":{"coral_color": "purple","dead_bit": false}},
        "minecraft:fire_coral_block" : {"block_id":"minecraft:coral_block","block_data":{"coral_color": "red","dead_bit": false}},
        "minecraft:horn_coral_block" : {"block_id":"minecraft:coral_block","block_data":{"coral_color": "yellow","dead_bit": false}},
        "minecraft:dead_tube_coral_block" : {"block_id":"minecraft:coral_block","block_data":{"coral_color": "blue","dead_bit": true}},
        "minecraft:dead_brain_coral_block" : {"block_id":"minecraft:coral_block","block_data":{"coral_color": "pink","dead_bit": true}},
        "minecraft:dead_bubble_coral_block" : {"block_id":"minecraft:coral_block","block_data":{"coral_color": "purple","dead_bit": true}},
        "minecraft:dead_fire_coral_block" : {"block_id":"minecraft:coral_block","block_data":{"coral_color": "red","dead_bit": true}},
        "minecraft:dead_horn_coral_block" : {"block_id":"minecraft:coral_block","block_data":{"coral_color": "yellow","dead_bit": true}},

        "minecraft:sunflower": {"block_id":"minecraft:double_plant","block_data":{"double_plant_type": "sunflower","upper_block_bit": false}},
        "minecraft:lilac": {"block_id":"minecraft:double_plant","block_data":{"double_plant_type": "syringa","upper_block_bit": false}},
        "minecraft:tall_grass": {"block_id":"minecraft:double_plant","block_data":{"double_plant_type": "grass","upper_block_bit": false}},
        "minecraft:large_fern": {"block_id":"minecraft:double_plant","block_data":{"double_plant_type": "fern","upper_block_bit": false}},
        "minecraft:rose_bush": {"block_id":"minecraft:double_plant","block_data":{"double_plant_type": "rose","upper_block_bit": false}},
        "minecraft:peony": {"block_id":"minecraft:double_plant","block_data":{"double_plant_type": "paeonia","upper_block_bit": false}},

        "minecraft:infested_stone": {"block_id":"minecraft:monster_egg","block_data":{"monster_egg_stone_type": "stone"}},
        "minecraft:infested_cobblestone": {"block_id":"minecraft:monster_egg","block_data":{"monster_egg_stone_type": "cobblestone"}},
        "minecraft:infested_stone_bricks": {"block_id":"minecraft:monster_egg","block_data":{"monster_egg_stone_type": "stone_brick"}},
        "minecraft:infested_mossy_stone_bricks": {"block_id":"minecraft:monster_egg","block_data":{"monster_egg_stone_type": "mossy_stone_brick"}},
        "minecraft:infested_cracked_stone_bricks": {"block_id":"minecraft:monster_egg","block_data":{"monster_egg_stone_type": "cracked_stone_brick"}},
        "minecraft:infested_chiseled_stone_bricks": {"block_id":"minecraft:monster_egg","block_data":{"monster_egg_stone_type": "chiseled_stone_brick"}},

        "minecraft:smooth_stone_slab":{"block_id":"minecraft:stone_block_slab","block_data":{"stone_slab_type": "smooth_stone","top_slot_bit": false}},
        "minecraft:sandstone_slab":{"block_id":"minecraft:stone_block_slab","block_data":{"stone_slab_type": "sandstone","top_slot_bit": false}},
        "minecraft:cobblestone_slab":{"block_id":"minecraft:stone_block_slab","block_data":{"stone_slab_type": "cobblestone","top_slot_bit": false}},
        "minecraft:brick_slab":{"block_id":"minecraft:stone_block_slab","block_data":{"stone_slab_type": "brick","top_slot_bit": false}},
        "minecraft:stone_brick_slab":{"block_id":"minecraft:stone_block_slab","block_data":{"stone_slab_type": "stone_brick","top_slot_bit": false}},
        "minecraft:quartz_slab":{"block_id":"minecraft:stone_block_slab","block_data":{"stone_slab_type": "quartz","top_slot_bit": false}},
        "minecraft:nether_brick_slab":{"block_id":"minecraft:stone_block_slab","block_data":{"stone_slab_type": "nether_brick","top_slot_bit": false}},
        
        "minecraft:red_sandstone_slab":{"block_id":"minecraft:stone_block_slab2","block_data":{"stone_slab_type_2": "red_sandstone","top_slot_bit": false}},
        "minecraft:purpur_slab":{"block_id":"minecraft:stone_block_slab2","block_data":{"stone_slab_type_2": "purpur","top_slot_bit": false}},
        "minecraft:prismarine_slab":{"block_id":"minecraft:stone_block_slab2","block_data":{"stone_slab_type_2": "prismarine_rough","top_slot_bit": false}},
        "minecraft:dark_prismarine_slab":{"block_id":"minecraft:stone_block_slab2","block_data":{"stone_slab_type_2": "prismarine_dark","top_slot_bit": false}},
        "minecraft:prismarine_brick_slab":{"block_id":"minecraft:stone_block_slab2","block_data":{"stone_slab_type_2": "prismarine_brick","top_slot_bit": false}},
        "minecraft:mossy_cobblestone_slab":{"block_id":"minecraft:stone_block_slab2","block_data":{"stone_slab_type_2": "mossy_cobblestone","top_slot_bit": false}},
        "minecraft:smooth_sandstone_slab":{"block_id":"minecraft:stone_block_slab2","block_data":{"stone_slab_type_2": "smooth_sandstone","top_slot_bit": false}},
        "minecraft:red_nether_brick_slab":{"block_id":"minecraft:stone_block_slab2","block_data":{"stone_slab_type_2": "red_nether_brick","top_slot_bit": false}},
        
        "minecraft:end_stone_brick_slab":{"block_id":"minecraft:stone_block_slab3","block_data":{"stone_slab_type_3": "end_stone_brick","top_slot_bit": false}},
        "minecraft:smooth_red_sandstone_slab":{"block_id":"minecraft:stone_block_slab3","block_data":{"stone_slab_type_3": "smooth_red_sandstone","top_slot_bit": false}},
        "minecraft:polished_andesite_slab":{"block_id":"minecraft:stone_block_slab3","block_data":{"stone_slab_type_3": "polished_andesite","top_slot_bit": false}},
        "minecraft:andesite_slab":{"block_id":"minecraft:stone_block_slab3","block_data":{"stone_slab_type_3": "andesite","top_slot_bit": false}},
        "minecraft:diorite_slab":{"block_id":"minecraft:stone_block_slab3","block_data":{"stone_slab_type_3": "diorite","top_slot_bit": false}},
        "minecraft:polished_diorite_slab":{"block_id":"minecraft:stone_block_slab3","block_data":{"stone_slab_type_3": "polished_diorite","top_slot_bit": false}},
        "minecraft:granite_slab":{"block_id":"minecraft:stone_block_slab3","block_data":{"stone_slab_type_3": "granite","top_slot_bit": false}},
        "minecraft:polished_granite_slab":{"block_id":"minecraft:stone_block_slab3","block_data":{"stone_slab_type_3": "polished_granite","top_slot_bit": false}},

        "minecraft:mossy_stone_brick_slab":{"block_id":"minecraft:stone_block_slab4","block_data":{"stone_slab_type_4": "mossy_stone_brick","top_slot_bit": false}},
        "minecraft:smooth_quartz_slab":{"block_id":"minecraft:stone_block_slab4","block_data":{"stone_slab_type_4": "smooth_quartz","top_slot_bit": false}},
        "minecraft:normal_stone_slab":{"block_id":"minecraft:stone_block_slab4","block_data":{"stone_slab_type_4": "stone","top_slot_bit": false}},
        "minecraft:cut_sandstone_slab":{"block_id":"minecraft:stone_block_slab4","block_data":{"stone_slab_type_4": "cut_sandstone","top_slot_bit": false}},
        "minecraft:cut_red_sandstone_slab":{"block_id":"minecraft:stone_block_slab4","block_data":{"stone_slab_type_4": "cut_red_sandstone","top_slot_bit": false}},

        "minecraft:stone_bricks":{"block_id":"minecraft:stonebrick","block_data":{"stone_brick_type": "default"}},
        "minecraft:mossy_stone_bricks":{"block_id":"minecraft:stonebrick","block_data":{"stone_brick_type": "mossy"}},
        "minecraft:cracked_stone_bricks":{"block_id":"minecraft:stonebrick","block_data":{"stone_brick_type": "cracked"}},
        "minecraft:chiseled_stone_bricks":{"block_id":"minecraft:stonebrick","block_data":{"stone_brick_type": "chiseled"}},

        "minecraft:smooth_stone_double_slab":{"block_id":"minecraft:double_stone_block_slab","block_data":{"stone_slab_type": "smooth_stone","top_slot_bit": false}},
        "minecraft:sandstone_double_slab":{"block_id":"minecraft:double_stone_block_slab","block_data":{"stone_slab_type": "sandstone","top_slot_bit": false}},
        "minecraft:petrified_oak_double_slab":{"block_id":"minecraft:double_stone_block_slab","block_data":{"stone_slab_type": "wood","top_slot_bit": false}},
        "minecraft:cobblestone_double_slab":{"block_id":"minecraft:double_stone_block_slab","block_data":{"stone_slab_type": "cobblestone","top_slot_bit": false}},
        "minecraft:brick_double_slab":{"block_id":"minecraft:double_stone_block_slab","block_data":{"stone_slab_type": "brick","top_slot_bit": false}},
        "minecraft:stone_brick_double_slab":{"block_id":"minecraft:double_stone_block_slab","block_data":{"stone_slab_type": "stone_brick","top_slot_bit": false}},
        "minecraft:quartz_double_slab":{"block_id":"minecraft:double_stone_block_slab","block_data":{"stone_slab_type": "quartz","top_slot_bit": false}},
        "minecraft:nether_brick_double_slab":{"block_id":"minecraft:double_stone_block_slab","block_data":{"stone_slab_type": "nether_brick","top_slot_bit": false}},
        
        "minecraft:red_sandstone_double_slab":{"block_id":"minecraft:double_stone_block_slab2","block_data":{"stone_slab_type_2": "red_sandstone","top_slot_bit": false}},
        "minecraft:purpur_double_slab":{"block_id":"minecraft:double_stone_block_slab2","block_data":{"stone_slab_type_2": "purpur","top_slot_bit": false}},
        "minecraft:prismarine_rough_double_slab":{"block_id":"minecraft:double_stone_block_slab2","block_data":{"stone_slab_type_2": "prismarine_rough","top_slot_bit": false}},
        "minecraft:prismarine_dark_double_slab":{"block_id":"minecraft:double_stone_block_slab2","block_data":{"stone_slab_type_2": "prismarine_dark","top_slot_bit": false}},
        "minecraft:prismarine_brick_double_slab":{"block_id":"minecraft:double_stone_block_slab2","block_data":{"stone_slab_type_2": "prismarine_brick","top_slot_bit": false}},
        "minecraft:mossy_cobblestone_double_slab":{"block_id":"minecraft:double_stone_block_slab2","block_data":{"stone_slab_type_2": "mossy_cobblestone","top_slot_bit": false}},
        "minecraft:smooth_sandstone_double_slab":{"block_id":"minecraft:double_stone_block_slab2","block_data":{"stone_slab_type_2": "smooth_sandstone","top_slot_bit": false}},
        "minecraft:red_nether_brick_double_slab":{"block_id":"minecraft:double_stone_block_slab2","block_data":{"stone_slab_type_2": "red_nether_brick","top_slot_bit": false}},

        "minecraft:end_stone_brick_double_slab":{"block_id":"minecraft:double_stone_block_slab3","block_data":{"stone_slab_type_3": "end_stone_brick","top_slot_bit": false}},
        "minecraft:smooth_red_sandstone_double_slab":{"block_id":"minecraft:double_stone_block_slab3","block_data":{"stone_slab_type_3": "smooth_red_sandstone","top_slot_bit": false}},
        "minecraft:polished_andesite_double_slab":{"block_id":"minecraft:double_stone_block_slab3","block_data":{"stone_slab_type_3": "polished_andesite","top_slot_bit": false}},
        "minecraft:andesite_double_slab":{"block_id":"minecraft:double_stone_block_slab3","block_data":{"stone_slab_type_3": "andesite","top_slot_bit": false}},
        "minecraft:diorite_double_slab":{"block_id":"minecraft:double_stone_block_slab3","block_data":{"stone_slab_type_3": "diorite","top_slot_bit": false}},
        "minecraft:polished_diorite_double_slab":{"block_id":"minecraft:double_stone_block_slab3","block_data":{"stone_slab_type_3": "polished_diorite","top_slot_bit": false}},
        "minecraft:granite_double_slab":{"block_id":"minecraft:double_stone_block_slab3","block_data":{"stone_slab_type_3": "granite","top_slot_bit": false}},
        "minecraft:polished_granite_double_slab":{"block_id":"minecraft:double_stone_block_slab3","block_data":{"stone_slab_type_3": "polished_granite","top_slot_bit": false}},
        
        "minecraft:mossy_stone_brick_double_slab":{"block_id":"minecraft:double_stone_block_slab4","block_data":{"stone_slab_type_4": "mossy_stone_brick","top_slot_bit": false}},
        "minecraft:smooth_quartz_double_slab":{"block_id":"minecraft:double_stone_block_slab4","block_data":{"stone_slab_type_4": "smooth_quartz","top_slot_bit": false}},
        "minecraft:stone_double_slab":{"block_id":"minecraft:double_stone_block_slab4","block_data":{"stone_slab_type_4": "stone","top_slot_bit": false}},
        "minecraft:cut_sandstone_double_slab":{"block_id":"minecraft:double_stone_block_slab4","block_data":{"stone_slab_type_4": "cut_sandstone","top_slot_bit": false}},
        "minecraft:cut_red_sandstone_double_slab":{"block_id":"minecraft:double_stone_block_slab4","block_data":{"stone_slab_type_4": "cut_red_sandstone","top_slot_bit": false}},

        "minecraft:prismarine":{"block_id":"minecraft:prismarine","block_data":{"prismarine_block_type": "default"}},
        "minecraft:dark_prismarine":{"block_id":"minecraft:prismarine","block_data":{"prismarine_block_type": "dark"}},
        "minecraft:prismarine_bricks":{"block_id":"minecraft:prismarine","block_data":{"prismarine_block_type": "bricks"}},


        "minecraft:light_block_0": {"block_id":"minecraft:light_block","block_data":{"block_light_level": 0}},
        "minecraft:light_block_1": {"block_id":"minecraft:light_block","block_data":{"block_light_level": 1}},
        "minecraft:light_block_2": {"block_id":"minecraft:light_block","block_data":{"block_light_level": 2}},
        "minecraft:light_block_3": {"block_id":"minecraft:light_block","block_data":{"block_light_level": 3}},
        "minecraft:light_block_4": {"block_id":"minecraft:light_block","block_data":{"block_light_level": 4}},
        "minecraft:light_block_5": {"block_id":"minecraft:light_block","block_data":{"block_light_level": 5}},
        "minecraft:light_block_6": {"block_id":"minecraft:light_block","block_data":{"block_light_level": 6}},
        "minecraft:light_block_7": {"block_id":"minecraft:light_block","block_data":{"block_light_level": 7}},
        "minecraft:light_block_8": {"block_id":"minecraft:light_block","block_data":{"block_light_level": 8}},
        "minecraft:light_block_9": {"block_id":"minecraft:light_block","block_data":{"block_light_level": 9}},
        "minecraft:light_block_10": {"block_id":"minecraft:light_block","block_data":{"block_light_level": 10}},
        "minecraft:light_block_11": {"block_id":"minecraft:light_block","block_data":{"block_light_level": 11}},
        "minecraft:light_block_12": {"block_id":"minecraft:light_block","block_data":{"block_light_level": 12}},
        "minecraft:light_block_13": {"block_id":"minecraft:light_block","block_data":{"block_light_level": 13}},
        "minecraft:light_block_14": {"block_id":"minecraft:light_block","block_data":{"block_light_level": 14}},
        "minecraft:light_block_15": {"block_id":"minecraft:light_block","block_data":{"block_light_level": 15}},
        
        "minecraft:dandelion": {"block_id":"minecraft:yellow_flower","block_data":{}},

        "minecraft:sandstone": {"block_id":"minecraft:sandstone","block_data":{"sand_stone_type": "default"}},
        "minecraft:chiseled_sandstone": {"block_id":"minecraft:sandstone","block_data":{"sand_stone_type": "heiroglyphs"}},
        "minecraft:cut_sandstone": {"block_id":"minecraft:sandstone","block_data":{"sand_stone_type": "cut"}},
        "minecraft:smooth_sandstone": {"block_id":"minecraft:sandstone","block_data":{"sand_stone_type": "smooth"}},


        "minecraft:anvil": {"block_id":"minecraft:anvil","block_data":{"damage":"undamaged","direction":0}},
        "minecraft:chipped_anvil": {"block_id":"minecraft:anvil","block_data":{"damage":"slightly_damaged","direction":0}},
        "minecraft:damaged_anvil": {"block_id":"minecraft:anvil","block_data":{"damage":"very_damaged","direction":0}},
        "minecraft:deprecated_anvil": {"block_id":"minecraft:anvil","block_data":{"damage":"broken","direction":0}},
        
        "minecraft:dirt": {"block_id":"minecraft:dirt","block_data":{"dirt_type": "normal"}},
        "minecraft:coarse_dirt": {"block_id":"minecraft:dirt","block_data":{"dirt_type": "coarse"}},

        "minecraft:quartz_block": {"block_id":"minecraft:quartz_block","block_data":{"chisel_type": "default","pillar_axis": "y"}},
        "minecraft:chiseled_quartz_block": {"block_id":"minecraft:quartz_block","block_data":{"chisel_type": "chiseled","pillar_axis": "y"}},
        "minecraft:quartz_pillar": {"block_id":"minecraft:quartz_block","block_data":{"chisel_type": "lines","pillar_axis": "y"}},
        "minecraft:smooth_quartz": {"block_id":"minecraft:quartz_block","block_data":{"chisel_type": "smooth","pillar_axis": "y"}},

        "minecraft:red_sandstone": {"block_id":"minecraft:red_sandstone","block_data":{"sand_stone_type": "default"}},
        "minecraft:chiseled_red_sandstone": {"block_id":"minecraft:red_sandstone","block_data":{"sand_stone_type": "heiroglyphs"}},
        "minecraft:cut_red_sandstone": {"block_id":"minecraft:red_sandstone","block_data":{"sand_stone_type": "cut"}},
        "minecraft:smooth_red_sandstone": {"block_id":"minecraft:red_sandstone","block_data":{"sand_stone_type": "smooth"}},
        
        "minecraft:sand": {"block_id":"minecraft:sand","block_data":{"sand_type": "normal"}},
        "minecraft:red_sand": {"block_id":"minecraft:sand","block_data":{"sand_type": "red"}},
        
        "minecraft:purpur_block": {"block_id":"minecraft:purpur_block","block_data":{"chisel_type": "default","pillar_axis": "y"}},
        "minecraft:purpur_pillar": {"block_id":"minecraft:purpur_block","block_data":{"chisel_type": "lines","pillar_axis": "y"}},
        "minecraft:deprecated_purpur_block_1": {"block_id":"minecraft:purpur_block","block_data":{"chisel_type": "chiseled","pillar_axis": "y"}},
        "minecraft:deprecated_purpur_block_2": {"block_id":"minecraft:purpur_block","block_data":{"chisel_type": "smooth","pillar_axis": "y"}},
        
        "minecraft:cobblestone_wall": {"block_id":"minecraft:cobblestone_wall","block_data":{"wall_block_type": "cobblestone","wall_connection_type_east": "none","wall_connection_type_north": "none","wall_connection_type_south": "none","wall_connection_type_west": "none","wall_post_bit": true}},
        "minecraft:mossy_cobblestone_wall": {"block_id":"minecraft:cobblestone_wall","block_data":{"wall_block_type": "mossy_cobblestone","wall_connection_type_east": "none","wall_connection_type_north": "none","wall_connection_type_south": "none","wall_connection_type_west": "none","wall_post_bit": true}},
        "minecraft:granite_wall": {"block_id":"minecraft:cobblestone_wall","block_data":{"wall_block_type": "granite","wall_connection_type_east": "none","wall_connection_type_north": "none","wall_connection_type_south": "none","wall_connection_type_west": "none","wall_post_bit": true}},
        "minecraft:diorite_wall": {"block_id":"minecraft:cobblestone_wall","block_data":{"wall_block_type": "diorite","wall_connection_type_east": "none","wall_connection_type_north": "none","wall_connection_type_south": "none","wall_connection_type_west": "none","wall_post_bit": true}},
        "minecraft:andesite_wall": {"block_id":"minecraft:cobblestone_wall","block_data":{"wall_block_type": "andesite","wall_connection_type_east": "none","wall_connection_type_north": "none","wall_connection_type_south": "none","wall_connection_type_west": "none","wall_post_bit": true}},
        "minecraft:sandstone_wall": {"block_id":"minecraft:cobblestone_wall","block_data":{"wall_block_type": "sandstone","wall_connection_type_east": "none","wall_connection_type_north": "none","wall_connection_type_south": "none","wall_connection_type_west": "none","wall_post_bit": true}},
        "minecraft:brick_wall": {"block_id":"minecraft:cobblestone_wall","block_data":{"wall_block_type": "brick","wall_connection_type_east": "none","wall_connection_type_north": "none","wall_connection_type_south": "none","wall_connection_type_west": "none","wall_post_bit": true}},
        "minecraft:stone_brick_wall": {"block_id":"minecraft:cobblestone_wall","block_data":{"wall_block_type": "stone_brick","wall_connection_type_east": "none","wall_connection_type_north": "none","wall_connection_type_south": "none","wall_connection_type_west": "none","wall_post_bit": true}},
        "minecraft:mossy_stone_brick_wall": {"block_id":"minecraft:cobblestone_wall","block_data":{"wall_block_type": "mossy_stone_brick","wall_connection_type_east": "none","wall_connection_type_north": "none","wall_connection_type_south": "none","wall_connection_type_west": "none","wall_post_bit": true}},
        "minecraft:nether_brick_wall": {"block_id":"minecraft:cobblestone_wall","block_data":{"wall_block_type": "nether_brick","wall_connection_type_east": "none","wall_connection_type_north": "none","wall_connection_type_south": "none","wall_connection_type_west": "none","wall_post_bit": true}},
        "minecraft:end_brick_wall": {"block_id":"minecraft:cobblestone_wall","block_data":{"wall_block_type": "end_brick","wall_connection_type_east": "none","wall_connection_type_north": "none","wall_connection_type_south": "none","wall_connection_type_west": "none","wall_post_bit": true}},
        "minecraft:prismarine_wall": {"block_id":"minecraft:cobblestone_wall","block_data":{"wall_block_type": "prismarine","wall_connection_type_east": "none","wall_connection_type_north": "none","wall_connection_type_south": "none","wall_connection_type_west": "none","wall_post_bit": true}},
        "minecraft:red_sandstone_wall": {"block_id":"minecraft:cobblestone_wall","block_data":{"wall_block_type": "red_sandstone","wall_connection_type_east": "none","wall_connection_type_north": "none","wall_connection_type_south": "none","wall_connection_type_west": "none","wall_post_bit": true}},
        "minecraft:red_nether_brick_wall": {"block_id":"minecraft:cobblestone_wall","block_data":{"wall_block_type": "red_nether_brick","wall_connection_type_east": "none","wall_connection_type_north": "none","wall_connection_type_south": "none","wall_connection_type_west": "none","wall_post_bit": true}},


        "minecraft:tube_coral_wall_fan": {"block_id":"minecraft:coral_fan_hang","block_data":{"coral_hang_type_bit": false,"dead_bit": false,"coral_direction": 0}},
        "minecraft:brain_coral_wall_fan": {"block_id":"minecraft:coral_fan_hang","block_data":{"coral_hang_type_bit": true,"dead_bit": false,"coral_direction": 0}},
        "minecraft:dead_tube_coral_wall_fan": {"block_id":"minecraft:coral_fan_hang","block_data":{"coral_hang_type_bit": false,"dead_bit": true,"coral_direction": 0}},
        "minecraft:dead_brain_coral_wall_fan": {"block_id":"minecraft:coral_fan_hang","block_data":{"coral_hang_type_bit": true,"dead_bit": true,"coral_direction": 0}},
        "minecraft:bubble_coral_wall_fan": {"block_id":"minecraft:coral_fan_hang2","block_data":{"coral_hang_type_bit": false,"dead_bit": false,"coral_direction": 0}},
        "minecraft:fire_coral_wall_fan": {"block_id":"minecraft:coral_fan_hang2","block_data":{"coral_hang_type_bit": true,"dead_bit": false,"coral_direction": 0}},
        "minecraft:dead_bubble_coral_wall_fan": {"block_id":"minecraft:coral_fan_hang2","block_data":{"coral_hang_type_bit": false,"dead_bit": true,"coral_direction": 0}},
        "minecraft:dead_fire_coral_wall_fan": {"block_id":"minecraft:coral_fan_hang2","block_data":{"coral_hang_type_bit": true,"dead_bit": true,"coral_direction": 0}},
        "minecraft:horn_coral_wall_fan": {"block_id":"minecraft:coral_fan_hang3","block_data":{"coral_hang_type_bit": false,"dead_bit": false,"coral_direction": 0}},
        "minecraft:dead_horn_coral_wall_fan": {"block_id":"minecraft:coral_fan_hang3","block_data":{"coral_hang_type_bit": false,"dead_bit": true,"coral_direction": 0}},
        
        "minecraft:wet_sponge": {"block_id":"minecraft:sponge","block_data":{"sponge_type": "wet"}},
        "minecraft:sponge": {"block_id":"minecraft:sponge","block_data":{"sponge_type": "dry"}}
    },
    "block_state": {
        "minecraft:vertical_half":{
            "version": [1,21,0], "old_name": "top_slot_bit", "value_map":{"top":true, "bottom":false}
        },
        "minecraft:minecraft:block_face":{
            "version": [1,21,0], "old_name": "facing_direction", "value_map":{"down":0, "up":1, 
            "north":2, "south":3, "west":4, "east":5}
        }
    }
}